32,23
14,13
735
0,23
1,2
2,25
3,4
4,5
5,6
6,7
7,30
8,7
9,10
10,33
11,10
12,11
14,15
15,16
16,39
17,16
18,19
19,42
20,19
21,44
22,21
23,46
24,1
25,48
26,3
27,50
28,27
29,52
30,29
31,8
32,31
33,56
34,11
35,36
36,13
37,14
38,61
39,62
40,17
41,40
42,41
43,20
44,45
45,68
46,47
47,24
48,49
49,26
50,49
51,28
52,53
53,76
54,77
55,32
56,79
57,58
58,35
59,82
60,37
61,84
62,63
63,86
64,65
65,88
66,43
67,66
68,67
69,92
70,69
71,70
72,71
73,72
74,73
75,74
76,99
77,78
78,55
79,78
80,57
81,82
82,83
83,60
84,85
85,108
86,87
87,110
88,89
89,90
90,113
91,68
92,115
93,94
94,95
95,96
96,119
97,98
98,75
99,98
100,101
101,102
102,103
103,80
104,81
105,104
106,107
107,130
108,107
109,108
110,111
111,134
112,135
113,112
114,91
115,138
116,93
117,140
118,117
119,142
120,97
121,120
122,123
123,100
124,125
125,126
126,127
127,150
128,105
129,128
130,153
131,154
132,131
133,132
134,133
135,158
136,137
137,114
138,139
139,116
140,139
141,118
142,165
143,120
144,145
145,122
146,169
147,124
148,171
149,172
150,149
151,152
152,129
153,176
154,155
155,156
156,179
157,158
158,181
159,136
160,159
161,184
162,161
163,140
164,187
165,164
166,167
167,144
168,191
169,168
170,147
171,170
172,195
173,150
174,151
175,198
176,175
177,178
178,201
179,180
180,203
181,204
182,181
183,160
184,207
185,162
186,209
187,186
188,189
189,166
190,213
191,190
192,193
193,194
194,171
195,218
196,173
197,174
198,197
199,176
200,199
201,224
202,201
203,226
204,205
205,228
206,183
207,230
208,185
209,208
210,211
211,188
212,213
213,214
214,215
215,192
216,215
217,216
218,219
219,220
220,221
221,222
222,223
223,200
224,223
225,202
226,249
227,204
228,229
229,206
230,253
231,208
232,233
233,210
234,257
235,212
236,259
237,236
238,237
239,238
240,217
241,240
242,241
243,266
244,243
245,244
246,245
247,248
248,225
249,250
250,273
251,228
252,275
253,254
254,277
255,232
256,279
257,258
258,235
259,282
260,283
261,260
262,239
263,262
264,241
265,288
266,265
267,290
268,267
269,246
270,269
271,248
272,271
273,296
274,251
275,298
276,299
277,276
278,255
279,302
280,257
281,304
282,281
283,306
284,261
285,308
286,263
287,264
288,311
289,290
290,291
291,292
292,315
293,270
294,317
295,272
296,319
297,274
298,297
299,322
300,301
301,278
302,303
303,280
304,327
305,306
306,329
307,284
308,307
309,286
310,287
311,334
312,289
313,312
314,313
315,338
316,293
317,340
318,295
319,320
320,343
321,298
322,323
323,300
324,347
325,302
326,325
327,350
328,351
329,328
330,331
331,332
332,309
333,310
334,335
335,336
336,359
337,360
338,337
339,316
340,341
341,318
342,365
343,344
344,367
345,322
346,369
347,348
348,349
349,326
350,373
351,352
352,375
353,330
354,353
355,354
356,333
357,380
358,357
359,358
360,383
361,338
362,339
363,340
364,363
365,366
366,389
367,390
368,345
369,370
370,347
371,394
372,371
373,374
374,397
375,398
376,375
377,378
378,355
379,356
380,381
381,404
382,383
383,384
384,385
385,362
386,409
387,364
388,411
389,388
390,413
391,368
392,391
393,370
394,393
395,372
396,395
397,420
398,399
399,400
400,377
401,402
402,379
403,402
404,405
405,406
406,429
407,384
408,409
409,410
410,387
411,410
412,435
413,412
414,437
415,392
416,415
417,394
418,441
419,418
420,419
421,398
422,421
423,422
424,423
425,424
426,425
427,426
428,427
429,428
430,407
431,430
432,431
433,432
434,433
435,458
436,413
437,438
438,461
439,416
440,439
441,442
442,443
443,444
444,445
445,446
446,447
447,448
448,449
449,450
450,451
451,452
452,453
453,454
454,455
455,456
456,479
457,434
458,457
459,436
460,437
461,462
462,485
463,440
464,441
465,488
466,465
467,468
468,491
469,468
470,469
471,472
472,473
473,474
474,497
475,474
476,475
477,500
478,477
479,502
480,503
481,480
482,459
483,506
484,483
485,484
486,463
487,464
488,511
489,466
490,489
491,492
492,493
493,494
494,471
495,494
496,495
497,520
498,521
499,476
500,499
501,478
502,525
503,526
504,505
505,482
506,507
507,508
508,509
509,486
510,487
511,510
512,513
513,490
514,537
515,514
516,515
517,494
518,541
519,518
520,519
521,544
522,523
523,524
524,501
525,548
526,527
527,504
528,527
529,506
530,529
531,532
532,533
533,534
534,557
535,512
536,535
537,560
538,539
539,516
540,539
541,564
542,565
543,542
544,545
545,522
546,547
547,570
548,549
549,572
550,551
551,528
552,575
553,530
554,553
555,532
556,555
557,558
558,559
559,536
560,561
561,562
562,585
563,540
564,587
565,588
566,543
567,544
568,591
569,568
570,571
571,594
572,573
573,596
574,551
575,576
576,599
577,554
578,577
579,578
580,579
581,558
582,581
583,582
584,583
585,608
586,563
587,586
588,611
589,566
590,567
591,614
592,569
593,592
594,593
595,618
596,595
597,574
598,575
599,622
600,599
601,600
602,625
603,580
604,605
605,606
606,629
607,584
608,607
609,632
610,609
611,610
612,613
613,590
614,637
615,638
616,615
617,616
618,617
619,642
620,597
621,644
622,621
623,624
624,601
625,624
626,603
627,650
628,627
629,628
630,629
631,630
632,633
633,634
634,657
635,612
636,635
637,636
638,661
639,640
640,663
641,640
642,641
643,620
644,645
645,646
646,669
647,624
648,649
649,626
650,673
651,652
652,653
653,676
654,631
655,632
656,679
657,680
658,657
659,658
660,637
661,662
662,685
663,664
664,665
665,666
666,643
667,690
668,667
669,668
670,671
671,648
672,695
673,674
674,651
675,698
676,677
677,678
678,655
679,678
680,703
681,682
682,705
683,660
684,683
685,686
686,709
687,664
688,689
689,712
690,713
691,692
692,715
693,670
694,693
695,696
696,673
697,696
698,697
699,698
700,723
701,678
702,700
703,704
704,681
705,706
706,707
707,684
708,731
709,708
710,687
711,710
712,735
713,714
714,691
715,716
716,717
717,694
718,717
719,718
720,719
721,720
722,721
723,722
724,701
725,702
726,725
727,726
728,727
729,728
730,729
731,730
732,733
733,734
734,711
735,734